s2_mixspec50-hand_s1	unident_s/fcp/s2/fcp-S2-mixspec50-hand/1.pt	unident_s/policy_config/rnn_policy_config.pkl	
s2_mixspec50-hand_s2	unident_s/fcp/s2/fcp-S2-mixspec50-hand/2.pt	unident_s/policy_config/rnn_policy_config.pkl	
s2_mixspec50-hand_s3	unident_s/fcp/s2/fcp-S2-mixspec50-hand/3.pt	unident_s/policy_config/rnn_policy_config.pkl	
s2_mixspec50-hand_s4	unident_s/fcp/s2/fcp-S2-mixspec50-hand/4.pt	unident_s/policy_config/rnn_policy_config.pkl	
s2_mixspec50-hand_s5	unident_s/fcp/s2/fcp-S2-mixspec50-hand/5.pt	unident_s/policy_config/rnn_policy_config.pkl	
s2_mixspec50-hand_s6	unident_s/fcp/s2/fcp-S2-mixspec50-hand/6.pt	unident_s/policy_config/rnn_policy_config.pkl	
s2_mixspec50-hand_s7	unident_s/fcp/s2/fcp-S2-mixspec50-hand/7.pt	unident_s/policy_config/rnn_policy_config.pkl	
s2_mixspec50-hand_s8	unident_s/fcp/s2/fcp-S2-mixspec50-hand/8.pt	unident_s/policy_config/rnn_policy_config.pkl	
s2_mixspec50-hand_s9	unident_s/fcp/s2/fcp-S2-mixspec50-hand/9.pt	unident_s/policy_config/rnn_policy_config.pkl	
s2_mixspec50-hand_s10	unident_s/fcp/s2/fcp-S2-mixspec50-hand/10.pt	unident_s/policy_config/rnn_policy_config.pkl	
s2_mixedspec-hand_s1	unident_s/fcp/s2/fcp-S2-mixedspec-hand/1.pt	unident_s/policy_config/rnn_policy_config.pkl	
s2_mixedspec-hand_s2	unident_s/fcp/s2/fcp-S2-mixedspec-hand/2.pt	unident_s/policy_config/rnn_policy_config.pkl	
s2_mixedspec-hand_s3	unident_s/fcp/s2/fcp-S2-mixedspec-hand/3.pt	unident_s/policy_config/rnn_policy_config.pkl	
s2_mixedspec-hand_s4	unident_s/fcp/s2/fcp-S2-mixedspec-hand/4.pt	unident_s/policy_config/rnn_policy_config.pkl	
s2_mixedspec-hand_s5	unident_s/fcp/s2/fcp-S2-mixedspec-hand/5.pt	unident_s/policy_config/rnn_policy_config.pkl	
s2_mixedspec-hand_s6	unident_s/fcp/s2/fcp-S2-mixedspec-hand/6.pt	unident_s/policy_config/rnn_policy_config.pkl	
s2_mixedspec-hand_s7	unident_s/fcp/s2/fcp-S2-mixedspec-hand/7.pt	unident_s/policy_config/rnn_policy_config.pkl	
s2_mixedspec-hand_s8	unident_s/fcp/s2/fcp-S2-mixedspec-hand/8.pt	unident_s/policy_config/rnn_policy_config.pkl	
s2_mixedspec-hand_s9	unident_s/fcp/s2/fcp-S2-mixedspec-hand/9.pt	unident_s/policy_config/rnn_policy_config.pkl	
s2_mixedspec-hand_s10	unident_s/fcp/s2/fcp-S2-mixedspec-hand/10.pt	unident_s/policy_config/rnn_policy_config.pkl	
s2_scripted-hand_s1	unident_s/fcp/s2/fcp-S2-scripted-hand/1.pt	unident_s/policy_config/rnn_policy_config.pkl	
s2_scripted-hand_s2	unident_s/fcp/s2/fcp-S2-scripted-hand/2.pt	unident_s/policy_config/rnn_policy_config.pkl	
s2_scripted-hand_s3	unident_s/fcp/s2/fcp-S2-scripted-hand/3.pt	unident_s/policy_config/rnn_policy_config.pkl	
s2_scripted-hand_s4	unident_s/fcp/s2/fcp-S2-scripted-hand/4.pt	unident_s/policy_config/rnn_policy_config.pkl	
s2_scripted-hand_s5	unident_s/fcp/s2/fcp-S2-scripted-hand/5.pt	unident_s/policy_config/rnn_policy_config.pkl	
s2_scripted-hand_s6	unident_s/fcp/s2/fcp-S2-scripted-hand/6.pt	unident_s/policy_config/rnn_policy_config.pkl	
s2_scripted-hand_s7	unident_s/fcp/s2/fcp-S2-scripted-hand/7.pt	unident_s/policy_config/rnn_policy_config.pkl	
s2_scripted-hand_s8	unident_s/fcp/s2/fcp-S2-scripted-hand/8.pt	unident_s/policy_config/rnn_policy_config.pkl	
s2_scripted-hand_s9	unident_s/fcp/s2/fcp-S2-scripted-hand/9.pt	unident_s/policy_config/rnn_policy_config.pkl	
s2_scripted-hand_s10	unident_s/fcp/s2/fcp-S2-scripted-hand/10.pt	unident_s/policy_config/rnn_policy_config.pkl	
s2_bench_sp_s1	unident_s/fcp/s2/fcp-S2-bench_sp/1.pt	unident_s/policy_config/rnn_policy_config.pkl	
s2_bench_sp_s2	unident_s/fcp/s2/fcp-S2-bench_sp/2.pt	unident_s/policy_config/rnn_policy_config.pkl	
s2_bench_sp_s3	unident_s/fcp/s2/fcp-S2-bench_sp/3.pt	unident_s/policy_config/rnn_policy_config.pkl	
s2_bench_sp_s4	unident_s/fcp/s2/fcp-S2-bench_sp/4.pt	unident_s/policy_config/rnn_policy_config.pkl	
s2_bench_sp_s5	unident_s/fcp/s2/fcp-S2-bench_sp/5.pt	unident_s/policy_config/rnn_policy_config.pkl	
s2_bench_sp_s6	unident_s/fcp/s2/fcp-S2-bench_sp/6.pt	unident_s/policy_config/rnn_policy_config.pkl	
s2_bench_sp_s7	unident_s/fcp/s2/fcp-S2-bench_sp/7.pt	unident_s/policy_config/rnn_policy_config.pkl	
s2_bench_sp_s8	unident_s/fcp/s2/fcp-S2-bench_sp/8.pt	unident_s/policy_config/rnn_policy_config.pkl	
s2_bench_sp_s9	unident_s/fcp/s2/fcp-S2-bench_sp/9.pt	unident_s/policy_config/rnn_policy_config.pkl	
s2_bench_sp_s10	unident_s/fcp/s2/fcp-S2-bench_sp/10.pt	unident_s/policy_config/rnn_policy_config.pkl	
s2_bench_sp_s11	unident_s/fcp/s2/fcp-S2-bench_sp/11.pt	unident_s/policy_config/rnn_policy_config.pkl	
s2_bench_sp_s12	unident_s/fcp/s2/fcp-S2-bench_sp/12.pt	unident_s/policy_config/rnn_policy_config.pkl	
s2_bench_sp_s13	unident_s/fcp/s2/fcp-S2-bench_sp/13.pt	unident_s/policy_config/rnn_policy_config.pkl	
s2_bench_sp_s14	unident_s/fcp/s2/fcp-S2-bench_sp/14.pt	unident_s/policy_config/rnn_policy_config.pkl	
s2_bench_sp_s15	unident_s/fcp/s2/fcp-S2-bench_sp/15.pt	unident_s/policy_config/rnn_policy_config.pkl	
s2_bench_sp_s16	unident_s/fcp/s2/fcp-S2-bench_sp/16.pt	unident_s/policy_config/rnn_policy_config.pkl	
s2_bench_sp_s17	unident_s/fcp/s2/fcp-S2-bench_sp/17.pt	unident_s/policy_config/rnn_policy_config.pkl	
s2_bench_sp_s18	unident_s/fcp/s2/fcp-S2-bench_sp/18.pt	unident_s/policy_config/rnn_policy_config.pkl	
s2_bench_sp_s19	unident_s/fcp/s2/fcp-S2-bench_sp/19.pt	unident_s/policy_config/rnn_policy_config.pkl	
s2_bench_sp_s20	unident_s/fcp/s2/fcp-S2-bench_sp/20.pt	unident_s/policy_config/rnn_policy_config.pkl	
